,Row ID,Postal Code,Sales,Quantity,Discount,Profit
Row ID,1.0,0.009671034259728995,-0.0013585077033356964,-0.004016102607952798,0.013480045223045977,0.012497190532353203
Postal Code,0.009671034259728995,1.0,-0.023853770239032828,0.012760710469446638,0.058443058271347804,-0.02996119440910808
Sales,-0.0013585077033356964,-0.023853770239032828,1.0,0.20079477137389737,-0.028190124157535527,0.47906434973770706
Quantity,-0.004016102607952798,0.012760710469446638,0.20079477137389737,1.0,0.008622970271156362,0.06625318912428484
Discount,0.013480045223045977,0.058443058271347804,-0.028190124157535527,0.008622970271156362,1.0,-0.21948745637176792
Profit,0.012497190532353203,-0.02996119440910808,0.47906434973770706,0.06625318912428484,-0.21948745637176792,1.0
